"scrubbed_species_binomial","latitude","longitude","date_collected","datasource","dataset","dataowner","custodial_institution_codes","collection_code","datasource_id"
"Chimarrhis hookeri",-3.83333,-73.41666,1989-02-11,"MO","MO","MO","MO",NA,267
"Chimarrhis hookeri",-9.1839,-74.14,1855-01-01,"GBIF","F","F","F","Botany",4382
"Chimarrhis hookeri",-9.66666,-75.03333,1990-01-01,"MO","MO","MO","MO",NA,267
"Chimarrhis hookeri",5.530871,-74.937715,2009-08-15,"GBIF","Universidad de Antioquia (UdeA)","Universidad de Antioquia (UdeA)","Universidad de Antioquia (UdeA)","HUA",3294
"Chimarrhis hookeri",-9.66666,-75.03333,1991-01-01,"MO","MO","MO","MO",NA,267
"Chimarrhis hookeri",-1.4628,-78.1869,NA,"GBIF","F","F","F","Botany",4382
"Chimarrhis hookeri",-1.33,-77.47,NA,"GBIF","US","US","US","Botany",4885
"Chimarrhis hookeri",-1.4628,-78.1869,NA,"GBIF","F","F","F","Botany",4382
"Chimarrhis hookeri",-0.69472,-75.92333,2005-08-05,"GBIF","W","W","W","Herbarium W",4913
"Chimarrhis hookeri",-11.11666,-75.5,1989-09-01,"MO","MO","MO","MO",NA,267
"Chimarrhis hookeri",-1.4628,-78.1869,NA,"GBIF","F","F","F","Botany",4382
"Chimarrhis hookeri",-9.66666,-75.03333,1991-01-01,"MO","MO","MO","MO",NA,267
"Chimarrhis hookeri",-1.4628,-78.1869,NA,"GBIF","F","F","F","Botany",4382
"Chimarrhis hookeri",-9.66666,-75.03333,1990-01-01,"MO","MO","MO","MO",NA,267
"Chimarrhis hookeri",-9.66666,-75.03333,1990-01-01,"MO","MO","MO","MO",NA,267
"Chimarrhis hookeri",-1.4628,-78.1869,NA,"GBIF","F","F","F","Botany",4382
"Chimarrhis hookeri",-0.603389,-76.464333,1997-10-10,"GBIF","MA","MA","MA","MA",4584
"Chimarrhis hookeri",-4.43361,-77.57166,1997-11-25,"MO","MO","MO","MO",NA,267
"Chimarrhis hookeri",-2.8333333,-76.9166667,1987-03-30,"MO","MO","MO","MO",NA,267
"Chimarrhis hookeri",-12.6861111,-73.2277778,2008-01-29,"MO","AMAZ, CUZ, HUT, MO, MOL, USM","AMAZ, CUZ, HUT, MO, MOL, USM","AMAZ, CUZ, HUT, MO, MOL, USM",NA,267
"Chimarrhis hookeri",-4.3,-78.71666,1991-10-24,"MO",NA,NA,NA,NA,267
"Chimarrhis hookeri",-4.3,-78.71666,1991-10-24,"MO",NA,NA,NA,NA,267
"Chimarrhis hookeri",-3.04861,-78.22805,2005-09-06,"MO","QCNE","QCNE","QCNE",NA,267
"Chimarrhis hookeri",-4.26666,-78.7,1991-10-21,"MO",NA,NA,NA,NA,267
"Chimarrhis hookeri",6.252267,-74.644333,2014-08-25,"GBIF","Instituto de Investigación de Recursos Biológicos Alexander von Humboldt (IAvH)","Instituto de Investigación de Recursos Biológicos Alexander von Humboldt (IAvH)","Instituto de Investigación de Recursos Biológicos Alexander von Humboldt (IAvH)","FMB",1900
"Chimarrhis hookeri",5.667611,-74.792306,2012-07-22,"GBIF","Universidad de Caldas (UCALDAS)","Universidad de Caldas (UCALDAS)","Universidad de Caldas (UCALDAS)","FAUC",2194
"Chimarrhis hookeri",5.667611,-74.792306,2012-07-22,"GBIF","Universidad de Caldas (UCALDAS)","Universidad de Caldas (UCALDAS)","Universidad de Caldas (UCALDAS)","FAUC",2194
"Chimarrhis hookeri",-0.93333,-76.21666,1998-11-30,"MO","MO, QCA, QCNE","MO, QCA, QCNE","MO, QCA, QCNE",NA,267
"Chimarrhis hookeri",8.333333,-74.55,1987-05-05,"GBIF","JBGP","JBGP","JBGP","JBGP",4508
"Chimarrhis hookeri",-10.3466666,-75.2597222,2008-04-14,"MO","HOXA, MO","HOXA, MO","HOXA, MO",NA,267
"Chimarrhis hookeri",-10.0725,-75.5505556,2006-05-29,"MO","HOXA, HUT, MO, USM","HOXA, HUT, MO, USM","HOXA, HUT, MO, USM",NA,267
"Chimarrhis hookeri",-9.83333,-75,1986-05-15,"MO","MO","MO","MO",NA,267
"Chimarrhis hookeri",-3.033333,-70,1992-06-27,"GBIF","ICN","ICN","ICN","COL",4487
"Chimarrhis hookeri",-10.3469444,-75.2591667,2008-04-10,"MO","AMAZ, HOXA, HUT, MO, MOL, USM","AMAZ, HOXA, HUT, MO, MOL, USM","AMAZ, HOXA, HUT, MO, MOL, USM",NA,267
"Chimarrhis hookeri",-10.18583,-75.57,2006-07-21,"MO","AMAZ, HUT, MO, MOL, USM","AMAZ, HUT, MO, MOL, USM","AMAZ, HUT, MO, MOL, USM",NA,267
"Chimarrhis hookeri",-10.1,-75.43333,2007-09-29,"MO","MO, USM","MO, USM","MO, USM",NA,267
"Chimarrhis hookeri",-1.96666,-77.81666,1993-09-01,"MO","MO, QCNE","MO, QCNE","MO, QCNE",NA,267
"Chimarrhis hookeri",-1.96666,-77.81666,1993-09-01,"MO","MO, QCNE","MO, QCNE","MO, QCNE",NA,267
"Chimarrhis hookeri",-1.96666,-77.81666,1993-09-01,"MO","MO, QCNE","MO, QCNE","MO, QCNE",NA,267
"Chimarrhis hookeri",-10.3463889,-75.2591667,2008-04-16,"MO","HOXA, MO","HOXA, MO","HOXA, MO",NA,267
"Chimarrhis hookeri",-10.18333,-75.56666,2002-01-01,"MO","HUT, MO, USM","HUT, MO, USM","HUT, MO, USM",NA,267
"Chimarrhis hookeri",-3.783333,-70.25,1991-08-21,"GBIF","ICN","ICN","ICN","COL",4487
"Chimarrhis hookeri",-4.91666,-78.31666,1995-02-01,"MO","MO","MO","MO",NA,267
"Chimarrhis hookeri",-0.4166,-76.75,1985-04-04,"MO","MO","MO","MO",NA,267
"Chimarrhis hookeri",-4.91666,-78.31666,1994-07-15,"MO","MO","MO","MO",NA,267
"Chimarrhis hookeri",-0.9752778,-76.2227778,1998-02-25,"MO","MO, QCA","MO, QCA","MO, QCA",NA,267
"Chimarrhis hookeri",-13.58333,-68.76666,1990-05-28,"MO","MO","MO","MO",NA,267
"Chimarrhis hookeri",-4,-75,1981-05-29,"GBIF","F","F","F","Botany",4382
"Chimarrhis hookeri",-3.0819445,-78.0766667,2006-05-01,"MO","MO, QCNE","MO, QCNE","MO, QCNE",NA,267
"Chimarrhis hookeri",-0.56666,-77.33333,1996-01-26,"MO","MO, QCNE","MO, QCNE","MO, QCNE",NA,267
"Chimarrhis hookeri",-4,-75,1983-07-14,"GBIF","F","F","F","Botany",4382
"Chimarrhis hookeri",-11.7856,-72.6992,1997-01-21,"GBIF","US","US","US","Botany",4885
"Chimarrhis hookeri",-6.512778,-76.478611,1855-01-01,"GBIF","LD","LD","LD","General",4544
"Chimarrhis hookeri",-3.36666,-72.83333,1982-03-23,"MO","MO","MO","MO",NA,267
"Chimarrhis hookeri",-0.6019444,-76.4583333,1997-10-10,"MO","MO, QCA","MO, QCA","MO, QCA",NA,267
"Chimarrhis hookeri",-0.9752778,-76.2227778,1998-02-26,"MO","MO, QCA","MO, QCA","MO, QCA",NA,267
"Chimarrhis hookeri",-8.33333,-74.9,1975-05-12,"MO","MO","MO","MO",NA,267
"Chimarrhis hookeri",-0.75,-77.46666,1989-06-23,"MO","MO","MO","MO",NA,267
"Chimarrhis hookeri",-0.6261111,-76.4608333,1998-05-07,"MO","MO, QCA","MO, QCA","MO, QCA",NA,267
"Chimarrhis hookeri",-4.91666,-78.31666,1995-02-01,"MO","MO","MO","MO",NA,267
"Chimarrhis hookeri",-0.6,-77.33333,1996-01-20,"MO","MO, QCNE","MO, QCNE","MO, QCNE",NA,267
"Chimarrhis hookeri",-4.91666,-78.31666,1995-02-01,"MO","MO","MO","MO",NA,267
"Chimarrhis hookeri",-0.6333333,-76.5,2010-03-16,"MO","MO, QCA","MO, QCA","MO, QCA",NA,267
"Chimarrhis hookeri",-0.73333,-77.46666,1989-06-26,"MO","MO","MO","MO",NA,267
"Chimarrhis hookeri",-4,-75,1983-07-14,"GBIF","F","F","F","Botany",4382
"Chimarrhis hookeri",-14.766667,-66.85,1991-07-06,"GBIF","ICN","ICN","ICN","COL",4487
"Chimarrhis hookeri",-4,-75,1985-11-05,"GBIF","F","F","F","Botany",4382
"Chimarrhis hookeri",-4,-75,1975-05-12,"GBIF","F","F","F","Botany",4382
"Chimarrhis hookeri",-14.1953,-67.972,2001-05-01,"GBIF","MA","MA","MA","MA",4584
"Chimarrhis hookeri",-14.1689,-67.9214,2001-07-06,"GBIF","MA","MA","MA","MA",4584
"Chimarrhis hookeri",-1.6,-75.66666,1980-06-05,"MO","AAU, MO","AAU, MO","AAU, MO",NA,267
"Chimarrhis hookeri",-2.083,-76.966,1979-05-18,"GBIF","AAU","AAU","AAU","Herbarium",4161
"Chimarrhis hookeri",-13.9249,-68.2004,2001-10-23,"GBIF","MA","MA","MA","MA",4584
"Chimarrhis hookeri",-1.6,-75.67,1980-06-05,"GBIF","US","US","US","Botany",4885
"Chimarrhis hookeri",-14.1953,-67.972,2001-05-02,"GBIF","MA","MA","MA","MA",4584
"Chimarrhis hookeri",-1.46666,-77.51666,1998-07-03,"MO","MO, QCNE","MO, QCNE","MO, QCNE",NA,267
"Chimarrhis hookeri",-1.6,-75.666,1980-06-05,"GBIF","AAU","AAU","AAU","Herbarium",4161
"Chimarrhis hookeri",-13.904667,-68.156278,2001-11-19,"GBIF","MA","MA","MA","MA",4584
"Chimarrhis hookeri",-0.34083,-76.34222,2002-01-01,"MO","MO, QCNE","MO, QCNE","MO, QCNE",NA,267
"Chimarrhis hookeri",-2.5166667,-76.8,1989-07-25,"MO","MO","MO","MO",NA,267
"Chimarrhis hookeri",-1.25,-76.91666,1989-02-22,"MO","MO","MO","MO",NA,267
"Chimarrhis hookeri",-3.5,-72.833333,NA,"GBIF","CM","CM","CM","Botany",4306
"Chimarrhis hookeri",7.138367,-74.095117,2016-10-22,"GBIF","UT","UT","UT","TOLI",4895
"Chimarrhis hookeri",-1.53333,-76.85,1990-02-21,"MO","MO","MO","MO",NA,267
"Chimarrhis hookeri",-3.46666,-72.83333,1983-07-15,"MO","MO","MO","MO",NA,267
"Chimarrhis hookeri",-3.5,-72.83333,1990-09-27,"MO","MO","MO","MO",NA,267
"Chimarrhis hookeri",-3.46666,-72.83333,1988-01-23,"MO","MO","MO","MO",NA,267
"Chimarrhis hookeri",-3.46666,-72.83333,1983-07-14,"MO","MO","MO","MO",NA,267
"Chimarrhis hookeri",-3.46666,-72.83333,1991-01-05,"MO","MO","MO","MO",NA,267
"Chimarrhis hookeri",-3.46666,-72.8,1981-02-18,"MO","MO","MO","MO",NA,267
"Chimarrhis hookeri",-3.83333,-73.41666,1989-02-11,"MO","MO","MO","MO",NA,267
"Chimarrhis hookeri",-3.46666,-72.8,1979-11-09,"MO","AMAZ, MO, USM","AMAZ, MO, USM","AMAZ, MO, USM",NA,267
"Chimarrhis hookeri",0.07,-72.45,1999-03-09,"GBIF","Instituto Amazónico de Investigaciones Científicas (SINCHI)","Instituto Amazónico de Investigaciones Científicas (SINCHI)","Instituto Amazónico de Investigaciones Científicas (SINCHI)","COAH",1408
"Chimarrhis hookeri",-3.33333,-72.91666,1991-02-24,"MO","MO","MO","MO",NA,267
"Chimarrhis hookeri",0.07,-72.45,1999-05-19,"GBIF","Instituto Amazónico de Investigaciones Científicas (SINCHI)","Instituto Amazónico de Investigaciones Científicas (SINCHI)","Instituto Amazónico de Investigaciones Científicas (SINCHI)","COAH",1408
"Chimarrhis hookeri",6.61666,-74.58333,1990-03-02,"MO","HUA","HUA","HUA",NA,267
"Chimarrhis hookeri",-3.46666,-72.83333,1988-12-03,"MO","MO","MO","MO",NA,267
"Chimarrhis hookeri",-3.5,-73.03333,1987-02-12,"MO","MO","MO","MO",NA,267
"Chimarrhis hookeri",-4.133333,-72.916667,1981-05-29,"GBIF","CM","CM","CM","Botany",4306
"Chimarrhis hookeri",-3.46666,-72.83333,1983-07-14,"MO","MO","MO","MO",NA,267
"Chimarrhis hookeri",-3.5,-72.96666,1992-04-19,"MO","MO","MO","MO",NA,267
"Chimarrhis hookeri",-4.13333,-72.91666,1981-05-28,"MO","MO","MO","MO",NA,267
"Chimarrhis hookeri",-4.12194,-72.92361,1997-04-11,"MO","MO","MO","MO",NA,267
"Chimarrhis hookeri",0.07,-72.45,1999-06-18,"GBIF","Instituto Amazónico de Investigaciones Científicas (SINCHI)","Instituto Amazónico de Investigaciones Científicas (SINCHI)","Instituto Amazónico de Investigaciones Científicas (SINCHI)","COAH",1408
"Chimarrhis hookeri",-3.25,-72.9,1992-01-23,"MO","MO","MO","MO",NA,267
"Chimarrhis hookeri",-9.1839,-74.14,NA,"GBIF","F","F","F","Botany",4382
"Chimarrhis hookeri",-9.163761,-74.375627,NA,"GBIF","NHMUK","NHMUK","NHMUK","BOT",1748
"Chimarrhis hookeri",-9.1839,-74.14,NA,"GBIF","F","F","F","Botany",4382
"Chimarrhis hookeri",-9.1839,-74.14,NA,"GBIF","F","F","F","Botany",4382
"Chimarrhis hookeri",-6.49361,-76.36972,NA,"GBIF","G","G","G","Geneva Herbarium – General Collection (G)",4405
"Chimarrhis hookeri",-10.3469,-75.2592,2008-04-10,"GBIF","US","US","US","Botany",4885
"Chimarrhis hookeri",-3.83333,-77.66666,1980-02-25,"MO","MO","MO","MO",NA,267
"Chimarrhis hookeri",-9.1839,-74.14,NA,"GBIF","F","F","F","Botany",4382
"Chimarrhis hookeri",-10.193611,-75.140555,2011-04-28,"GBIF","JBRJ","JBRJ","JBRJ","RB",3364
"Chimarrhis hookeri",-9.1839,-74.14,1855-01-01,"GBIF","F","F","F","Botany",4382
"Chimarrhis hookeri",-9.1839,-74.14,NA,"GBIF","F","F","F","Botany",4382
"Chimarrhis hookeri",-4.46666,-78.16666,1973-05-30,"MO","MO","MO","MO",NA,267
"Chimarrhis hookeri",-12.81666,-69.3,1984-02-26,"MO","MO","MO","MO",NA,267
"Chimarrhis hookeri",-9.1839,-74.14,NA,"GBIF","F","F","F","Botany",4382
"Chimarrhis hookeri",-4.58027,-78.23361,1997-08-11,"MO","MO","MO","MO",NA,267
"Chimarrhis hookeri",-9.1839,-74.14,NA,"GBIF","F","F","F","Botany",4382
"Chimarrhis hookeri",-9.1839,-74.14,1855-01-01,"GBIF","F","F","F","Botany",4382
"Chimarrhis hookeri",-9.1839,-74.14,NA,"GBIF","F","F","F","Botany",4382
"Chimarrhis hookeri",-9.1839,-74.14,NA,"GBIF","F","F","F","Botany",4382
"Chimarrhis hookeri",-9.1839,-74.14,NA,"GBIF","F","F","F","Botany",4382
"Chimarrhis hookeri",-9.1839,-74.14,NA,"GBIF","F","F","F","Botany",4382
"Chimarrhis hookeri",-12.8166667,-69.3,1984-02-19,"MO","MO","MO","MO",NA,267
"Chimarrhis hookeri",-3.83333,-77.66666,1979-12-03,"MO","MO","MO","MO",NA,267
"Chimarrhis hookeri",-9.1839,-74.14,1929-05-23,"GBIF","F","F","F","Botany",4382
"Chimarrhis hookeri",-4.27667,-73.88028,NA,"GBIF","G","G","G","Geneva Herbarium – General Collection (G)",4405
"Chimarrhis hookeri",-3.43333,-72.85,NA,"SALVIAS","Gentry Transect Dataset","James S. MIller",NA,NA,40
"Chimarrhis hookeri",-12.83,-69.3,NA,"SALVIAS","RAINFOR - 1 ha Peru","Oliver Phillips",NA,NA,4
"Chimarrhis hookeri",-12.83,-69.3,NA,"SALVIAS","RAINFOR - 1 ha Peru","Oliver Phillips",NA,NA,4
"Chimarrhis hookeri",-3.23333,-72.9,NA,"SALVIAS","RAINFOR - 1 ha Peru","Oliver Phillips",NA,NA,4
"Chimarrhis hookeri",-3.43333,-72.85,NA,"SALVIAS","RAINFOR - 1 ha Peru","Oliver Phillips",NA,NA,4
"Chimarrhis hookeri",-3.43333,-72.85,NA,"SALVIAS","RAINFOR - 1 ha Peru","Oliver Phillips",NA,NA,4
"Chimarrhis hookeri",-3.43333,-72.85,NA,"SALVIAS","RAINFOR - 1 ha Peru","Oliver Phillips",NA,NA,4
"Chimarrhis hookeri",-3.95,-73.4167,NA,"SALVIAS","Gentry Transect Dataset","James S. MIller",NA,NA,40
"Chimarrhis hookeri",-3.95,-73.4167,NA,"SALVIAS","Gentry Transect Dataset","James S. MIller",NA,NA,40
"Chimarrhis hookeri",-3.51667,-73.0667,NA,"SALVIAS","Gentry Transect Dataset","James S. MIller",NA,NA,40
"Chimarrhis hookeri",-12.8333,-69.2833,NA,"SALVIAS","Gentry Transect Dataset","James S. MIller",NA,NA,40
"Chimarrhis hookeri",-10.40999508,-75.32989584,2011-06-22,"TEAM","Yanachaga Chimillén National Park",NA,NA,NA,6
